instancia,configuracion,bloque,semilla,nodos,arcos,productos,scalex,scaley,grado_objetivo,productos_por_nodo,densidad_dirigida,variables_arco_producto
t_1,1,escalamiento,42,50,325,1250,10,5,6.5,25,0.1326530612244898,406250
t_2,1,escalamiento,2068,50,325,1250,10,5,6.5,25,0.1326530612244898,406250
t_3,1,escalamiento,363524,50,325,1250,10,5,6.5,25,0.1326530612244898,406250
t_4,2,escalamiento,42,80,520,2000,20,4,6.5,25,0.08227848101265822,1040000
t_5,2,escalamiento,2068,80,520,2000,20,4,6.5,25,0.08227848101265822,1040000
t_6,2,escalamiento,363524,80,520,2000,20,4,6.5,25,0.08227848101265822,1040000
t_7,3,escalamiento,42,100,650,2500,20,5,6.5,25,0.06565656565656566,1625000
t_8,3,escalamiento,2068,100,650,2500,20,5,6.5,25,0.06565656565656566,1625000
t_9,3,escalamiento,363524,100,650,2500,20,5,6.5,25,0.06565656565656566,1625000
t_10,4,escalamiento,42,160,1040,4000,20,8,6.5,25,0.040880503144654086,4160000
t_11,4,escalamiento,2068,160,1040,4000,20,8,6.5,25,0.040880503144654086,4160000
t_12,4,escalamiento,363524,160,1040,4000,20,8,6.5,25,0.040880503144654086,4160000
t_13,5,escalamiento,42,200,1300,5000,25,8,6.5,25,0.032663316582914576,6500000
t_14,5,escalamiento,2068,200,1300,5000,25,8,6.5,25,0.032663316582914576,6500000
t_15,5,escalamiento,363524,200,1300,5000,25,8,6.5,25,0.032663316582914576,6500000
t_16,6,escalamiento,42,320,2080,8000,40,8,6.5,25,0.02037617554858934,16640000
t_17,6,escalamiento,2068,320,2080,8000,40,8,6.5,25,0.02037617554858934,16640000
t_18,6,escalamiento,363524,320,2080,8000,40,8,6.5,25,0.02037617554858934,16640000
t_19,7,escalamiento,42,400,2600,10000,40,10,6.5,25,0.016290726817042606,26000000
t_20,7,escalamiento,2068,400,2600,10000,40,10,6.5,25,0.016290726817042606,26000000
t_21,7,escalamiento,363524,400,2600,10000,40,10,6.5,25,0.016290726817042606,26000000
t_22,8,escalamiento,42,800,5200,20000,50,16,6.5,25,0.008135168961201502,104000000
t_23,8,escalamiento,2068,800,5200,20000,50,16,6.5,25,0.008135168961201502,104000000
t_24,8,escalamiento,363524,800,5200,20000,50,16,6.5,25,0.008135168961201502,104000000
t_25,9,escalamiento,42,1200,7800,30000,60,20,6.5,25,0.005421184320266889,234000000
t_26,9,escalamiento,2068,1200,7800,30000,60,20,6.5,25,0.005421184320266889,234000000
t_27,9,escalamiento,363524,1200,7800,30000,60,20,6.5,25,0.005421184320266889,234000000
t_28,10,escalamiento,42,1600,10400,40000,80,20,6.5,25,0.0040650406504065045,416000000
t_29,10,escalamiento,2068,1600,10400,40000,80,20,6.5,25,0.0040650406504065045,416000000
t_30,10,escalamiento,363524,1600,10400,40000,80,20,6.5,25,0.0040650406504065045,416000000
t_31,11,escalamiento,42,2500,16250,62500,100,25,6.5,25,0.0026010404161664665,1015625000
t_32,11,escalamiento,2068,2500,16250,62500,100,25,6.5,25,0.0026010404161664665,1015625000
t_33,11,escalamiento,363524,2500,16250,62500,100,25,6.5,25,0.0026010404161664665,1015625000
t_34,12,grado,42,100,300,2500,20,5,3,25,0.030303030303030304,750000
t_35,12,grado,2068,100,300,2500,20,5,3,25,0.030303030303030304,750000
t_36,12,grado,363524,100,300,2500,20,5,3,25,0.030303030303030304,750000
t_37,13,grado,42,100,400,2500,20,5,4,25,0.04040404040404041,1000000
t_38,13,grado,2068,100,400,2500,20,5,4,25,0.04040404040404041,1000000
t_39,13,grado,363524,100,400,2500,20,5,4,25,0.04040404040404041,1000000
t_40,14,grado,42,100,800,2500,20,5,8,25,0.08080808080808081,2000000
t_41,14,grado,2068,100,800,2500,20,5,8,25,0.08080808080808081,2000000
t_42,14,grado,363524,100,800,2500,20,5,8,25,0.08080808080808081,2000000
t_43,15,grado,42,100,1200,2500,20,5,12,25,0.12121212121212122,3000000
t_44,15,grado,2068,100,1200,2500,20,5,12,25,0.12121212121212122,3000000
t_45,15,grado,363524,100,1200,2500,20,5,12,25,0.12121212121212122,3000000
t_46,16,grado,42,100,1600,2500,20,5,16,25,0.16161616161616163,4000000
t_47,16,grado,2068,100,1600,2500,20,5,16,25,0.16161616161616163,4000000
t_48,16,grado,363524,100,1600,2500,20,5,16,25,0.16161616161616163,4000000
t_49,17,grado,42,100,2400,2500,20,5,24,25,0.24242424242424243,6000000
t_50,17,grado,2068,100,2400,2500,20,5,24,25,0.24242424242424243,6000000
t_51,17,grado,363524,100,2400,2500,20,5,24,25,0.24242424242424243,6000000
t_52,18,grado,42,400,1200,10000,40,10,3,25,0.007518796992481203,12000000
t_53,18,grado,2068,400,1200,10000,40,10,3,25,0.007518796992481203,12000000
t_54,18,grado,363524,400,1200,10000,40,10,3,25,0.007518796992481203,12000000
t_55,19,grado,42,400,1600,10000,40,10,4,25,0.010025062656641603,16000000
t_56,19,grado,2068,400,1600,10000,40,10,4,25,0.010025062656641603,16000000
t_57,19,grado,363524,400,1600,10000,40,10,4,25,0.010025062656641603,16000000
t_58,20,grado,42,400,3200,10000,40,10,8,25,0.020050125313283207,32000000
t_59,20,grado,2068,400,3200,10000,40,10,8,25,0.020050125313283207,32000000
t_60,20,grado,363524,400,3200,10000,40,10,8,25,0.020050125313283207,32000000
t_61,21,grado,42,400,4800,10000,40,10,12,25,0.03007518796992481,48000000
t_62,21,grado,2068,400,4800,10000,40,10,12,25,0.03007518796992481,48000000
t_63,21,grado,363524,400,4800,10000,40,10,12,25,0.03007518796992481,48000000
t_64,22,grado,42,400,6400,10000,40,10,16,25,0.040100250626566414,64000000
t_65,22,grado,2068,400,6400,10000,40,10,16,25,0.040100250626566414,64000000
t_66,22,grado,363524,400,6400,10000,40,10,16,25,0.040100250626566414,64000000
t_67,23,grado,42,400,9600,10000,40,10,24,25,0.06015037593984962,96000000
t_68,23,grado,2068,400,9600,10000,40,10,24,25,0.06015037593984962,96000000
t_69,23,grado,363524,400,9600,10000,40,10,24,25,0.06015037593984962,96000000
t_70,24,grado,42,1600,4800,40000,80,20,3,25,0.001876172607879925,192000000
t_71,24,grado,2068,1600,4800,40000,80,20,3,25,0.001876172607879925,192000000
t_72,24,grado,363524,1600,4800,40000,80,20,3,25,0.001876172607879925,192000000
t_73,25,grado,42,1600,6400,40000,80,20,4,25,0.0025015634771732333,256000000
t_74,25,grado,2068,1600,6400,40000,80,20,4,25,0.0025015634771732333,256000000
t_75,25,grado,363524,1600,6400,40000,80,20,4,25,0.0025015634771732333,256000000
t_76,26,grado,42,1600,12800,40000,80,20,8,25,0.0050031269543464665,512000000
t_77,26,grado,2068,1600,12800,40000,80,20,8,25,0.0050031269543464665,512000000
t_78,26,grado,363524,1600,12800,40000,80,20,8,25,0.0050031269543464665,512000000
t_79,27,grado,42,1600,19200,40000,80,20,12,25,0.0075046904315197,768000000
t_80,27,grado,2068,1600,19200,40000,80,20,12,25,0.0075046904315197,768000000
t_81,27,grado,363524,1600,19200,40000,80,20,12,25,0.0075046904315197,768000000
t_82,28,grado,42,1600,25600,40000,80,20,16,25,0.010006253908692933,1024000000
t_83,28,grado,2068,1600,25600,40000,80,20,16,25,0.010006253908692933,1024000000
t_84,28,grado,363524,1600,25600,40000,80,20,16,25,0.010006253908692933,1024000000
t_85,29,grado,42,1600,38400,40000,80,20,24,25,0.0150093808630394,1536000000
t_86,29,grado,2068,1600,38400,40000,80,20,24,25,0.0150093808630394,1536000000
t_87,29,grado,363524,1600,38400,40000,80,20,24,25,0.0150093808630394,1536000000
t_88,30,productos,42,100,650,200,20,5,6.5,2,0.06565656565656566,130000
t_89,30,productos,2068,100,650,200,20,5,6.5,2,0.06565656565656566,130000
t_90,30,productos,363524,100,650,200,20,5,6.5,2,0.06565656565656566,130000
t_91,31,productos,42,100,650,500,20,5,6.5,5,0.06565656565656566,325000
t_92,31,productos,2068,100,650,500,20,5,6.5,5,0.06565656565656566,325000
t_93,31,productos,363524,100,650,500,20,5,6.5,5,0.06565656565656566,325000
t_94,32,productos,42,100,650,1000,20,5,6.5,10,0.06565656565656566,650000
t_95,32,productos,2068,100,650,1000,20,5,6.5,10,0.06565656565656566,650000
t_96,32,productos,363524,100,650,1000,20,5,6.5,10,0.06565656565656566,650000
t_97,33,productos,42,100,650,5000,20,5,6.5,50,0.06565656565656566,3250000
t_98,33,productos,2068,100,650,5000,20,5,6.5,50,0.06565656565656566,3250000
t_99,33,productos,363524,100,650,5000,20,5,6.5,50,0.06565656565656566,3250000
t_100,34,productos,42,400,2600,800,40,10,6.5,2,0.016290726817042606,2080000
t_101,34,productos,2068,400,2600,800,40,10,6.5,2,0.016290726817042606,2080000
t_102,34,productos,363524,400,2600,800,40,10,6.5,2,0.016290726817042606,2080000
t_103,35,productos,42,400,2600,2000,40,10,6.5,5,0.016290726817042606,5200000
t_104,35,productos,2068,400,2600,2000,40,10,6.5,5,0.016290726817042606,5200000
t_105,35,productos,363524,400,2600,2000,40,10,6.5,5,0.016290726817042606,5200000
t_106,36,productos,42,400,2600,4000,40,10,6.5,10,0.016290726817042606,10400000
t_107,36,productos,2068,400,2600,4000,40,10,6.5,10,0.016290726817042606,10400000
t_108,36,productos,363524,400,2600,4000,40,10,6.5,10,0.016290726817042606,10400000
t_109,37,productos,42,400,2600,20000,40,10,6.5,50,0.016290726817042606,52000000
t_110,37,productos,2068,400,2600,20000,40,10,6.5,50,0.016290726817042606,52000000
t_111,37,productos,363524,400,2600,20000,40,10,6.5,50,0.016290726817042606,52000000
t_112,38,productos,42,1600,10400,3200,80,20,6.5,2,0.0040650406504065045,33280000
t_113,38,productos,2068,1600,10400,3200,80,20,6.5,2,0.0040650406504065045,33280000
t_114,38,productos,363524,1600,10400,3200,80,20,6.5,2,0.0040650406504065045,33280000
t_115,39,productos,42,1600,10400,8000,80,20,6.5,5,0.0040650406504065045,83200000
t_116,39,productos,2068,1600,10400,8000,80,20,6.5,5,0.0040650406504065045,83200000
t_117,39,productos,363524,1600,10400,8000,80,20,6.5,5,0.0040650406504065045,83200000
t_118,40,productos,42,1600,10400,16000,80,20,6.5,10,0.0040650406504065045,166400000
t_119,40,productos,2068,1600,10400,16000,80,20,6.5,10,0.0040650406504065045,166400000
t_120,40,productos,363524,1600,10400,16000,80,20,6.5,10,0.0040650406504065045,166400000
t_121,41,productos,42,1600,10400,80000,80,20,6.5,50,0.0040650406504065045,832000000
t_122,41,productos,2068,1600,10400,80000,80,20,6.5,50,0.0040650406504065045,832000000
t_123,41,productos,363524,1600,10400,80000,80,20,6.5,50,0.0040650406504065045,832000000
t_124,42,interaccion,42,400,1600,4000,40,10,4,10,0.010025062656641603,6400000
t_125,42,interaccion,2068,400,1600,4000,40,10,4,10,0.010025062656641603,6400000
t_126,42,interaccion,363524,400,1600,4000,40,10,4,10,0.010025062656641603,6400000
t_127,43,interaccion,42,400,1600,20000,40,10,4,50,0.010025062656641603,32000000
t_128,43,interaccion,2068,400,1600,20000,40,10,4,50,0.010025062656641603,32000000
t_129,43,interaccion,363524,400,1600,20000,40,10,4,50,0.010025062656641603,32000000
t_130,44,interaccion,42,400,3200,4000,40,10,8,10,0.020050125313283207,12800000
t_131,44,interaccion,2068,400,3200,4000,40,10,8,10,0.020050125313283207,12800000
t_132,44,interaccion,363524,400,3200,4000,40,10,8,10,0.020050125313283207,12800000
t_133,45,interaccion,42,400,3200,20000,40,10,8,50,0.020050125313283207,64000000
t_134,45,interaccion,2068,400,3200,20000,40,10,8,50,0.020050125313283207,64000000
t_135,45,interaccion,363524,400,3200,20000,40,10,8,50,0.020050125313283207,64000000
t_136,46,interaccion,42,400,6400,4000,40,10,16,10,0.040100250626566414,25600000
t_137,46,interaccion,2068,400,6400,4000,40,10,16,10,0.040100250626566414,25600000
t_138,46,interaccion,363524,400,6400,4000,40,10,16,10,0.040100250626566414,25600000
t_139,47,interaccion,42,400,6400,20000,40,10,16,50,0.040100250626566414,128000000
t_140,47,interaccion,2068,400,6400,20000,40,10,16,50,0.040100250626566414,128000000
t_141,47,interaccion,363524,400,6400,20000,40,10,16,50,0.040100250626566414,128000000
