bloque,carpeta,instancia,semilla,nodos,arcos,productos,grado,productos_por_nodo,variables_potenciales_mk,fuente,entrada,escala_capacidad,demanda_total,descripcion,archivo_resultado,estado_experimental,certificada,metodo_gurobi,eta,gap_objetivo_pct,limite_tiempo_s,productos_efectivos,tiempo_interno_s,tiempo_pared_s,tiempo_cpu_s,memoria_mb,objetivo,cota_superior,cota_inferior,gap_pct,iteraciones,columnas_finales,suma_columnas_iteraciones,columnas_nuevas_acumuladas,tiempo_maestro_acumulado_s,tiempo_pricing_acumulado_s,tiempo_no_atribuido_s,fraccion_tiempo_maestro,fraccion_tiempo_pricing,columnas_por_producto,fraccion_columnas_sobre_mk
e1,E1_MK_constante,conc_e1_d04_s01,1,400,1600,20000,4.0,50.0,32000000,mulgen,conc_e1_d04_s01.par,,,MK=32 millones; varia la composicion entre M y K.,resultados E2/Conclusiones/E1_MK_constante/resultados/conc_e1_d04_s01_solver_columnas_e2.txt,optimo_exacto,1,0,25.0,1.0,120.0,18947,0.38,0.76,0.73,127.36,0.64439925,0.64439925,0.64439925,0.0,1,18947,18947,0,0.02,0.08,0.27999999999999997,0.05263157894736842,0.21052631578947367,1.0,0.00059209375
e1,E1_MK_constante,conc_e1_d08_s01,1,400,3200,10000,8.0,25.0,32000000,mulgen,conc_e1_d08_s01.par,,,MK=32 millones; varia la composicion entre M y K.,resultados E2/Conclusiones/E1_MK_constante/resultados/conc_e1_d08_s01_solver_columnas_e2.txt,gap_certificado,1,0,25.0,1.0,120.0,10000,0.9,1.2,1.21,108.88,0.15453903,0.15453903,0.15416437,0.243029,17,10570,175588,570,0.17,0.57,0.16000000000000003,0.18888888888888888,0.6333333333333333,1.057,0.0003303125
e1,E1_MK_constante,conc_e1_d16_s01,1,400,6400,5000,16.0,12.5,32000000,mulgen,conc_e1_d16_s01.par,,,MK=32 millones; varia la composicion entre M y K.,resultados E2/Conclusiones/E1_MK_constante/resultados/conc_e1_d16_s01_solver_columnas_e2.txt,limite_sin_certificar,0,0,25.0,1.0,120.0,5000,120.0,120.28,121.99,113.11,,0.03780425,0.0011186,3279.596877,292,28148,2681859,23148,108.06999999999998,6.389999999999969,5.540000000000052,0.9005833333333332,0.053249999999999735,5.6296,0.000879625
e1,E1_MK_constante,conc_e1_d04_s02,2,400,1600,20000,4.0,50.0,32000000,mulgen,conc_e1_d04_s02.par,,,MK=32 millones; varia la composicion entre M y K.,resultados E2/Conclusiones/E1_MK_constante/resultados/conc_e1_d04_s02_solver_columnas_e2.txt,optimo_exacto,1,0,25.0,1.0,120.0,19214,1.42,1.8,1.82,169.45,0.50550912,0.50550912,0.50550912,0.0,13,21204,265517,1990,0.22999999999999998,0.9000000000000001,0.2899999999999998,0.1619718309859155,0.6338028169014086,1.103570313313209,0.000662625
e1,E1_MK_constante,conc_e1_d08_s02,2,400,3200,10000,8.0,25.0,32000000,mulgen,conc_e1_d08_s02.par,,,MK=32 millones; varia la composicion entre M y K.,resultados E2/Conclusiones/E1_MK_constante/resultados/conc_e1_d08_s02_solver_columnas_e2.txt,optimo_exacto,1,0,25.0,1.0,120.0,10000,0.28,0.55,0.57,92.69,0.23685528,0.23685528,0.23685528,0.0,3,10020,30057,20,0.03,0.11,0.14,0.10714285714285712,0.39285714285714285,1.002,0.000313125
e1,E1_MK_constante,conc_e1_d16_s02,2,400,6400,5000,16.0,12.5,32000000,mulgen,conc_e1_d16_s02.par,,,MK=32 millones; varia la composicion entre M y K.,resultados E2/Conclusiones/E1_MK_constante/resultados/conc_e1_d16_s02_solver_columnas_e2.txt,limite_sin_certificar,0,0,25.0,1.0,120.0,5000,120.01,120.3,122.38,102.23,,0.03853897,0.00133504,2786.726334,290,29347,2759245,24347,93.46999999999997,6.329999999999968,20.210000000000065,0.7788517623531369,0.05274560453295532,5.8694,0.00091709375
e1,E1_MK_constante,conc_e1_d04_s03,3,400,1600,20000,4.0,50.0,32000000,mulgen,conc_e1_d04_s03.par,,,MK=32 millones; varia la composicion entre M y K.,resultados E2/Conclusiones/E1_MK_constante/resultados/conc_e1_d04_s03_solver_columnas_e2.txt,gap_certificado,1,0,25.0,1.0,120.0,19444,1.31,1.7,1.72,172.47,0.52064373,0.52064373,0.52058554,0.011177,12,20960,245098,1516,0.17,0.8700000000000001,0.27,0.1297709923664122,0.6641221374045803,1.0779674963999177,0.000655
e1,E1_MK_constante,conc_e1_d08_s03,3,400,3200,10000,8.0,25.0,32000000,mulgen,conc_e1_d08_s03.par,,,MK=32 millones; varia la composicion entre M y K.,resultados E2/Conclusiones/E1_MK_constante/resultados/conc_e1_d08_s03_solver_columnas_e2.txt,optimo_exacto,1,0,25.0,1.0,120.0,10000,0.45,0.73,0.74,98.48,0.17686383,0.17686383,0.17686383,0.0,7,10130,70712,130,0.07,0.23,0.15,0.15555555555555556,0.5111111111111111,1.013,0.0003165625
e1,E1_MK_constante,conc_e1_d16_s03,3,400,6400,5000,16.0,12.5,32000000,mulgen,conc_e1_d16_s03.par,,,MK=32 millones; varia la composicion entre M y K.,resultados E2/Conclusiones/E1_MK_constante/resultados/conc_e1_d16_s03_solver_columnas_e2.txt,optimo_exacto,1,0,25.0,1.0,120.0,5000,30.01,30.33,30.87,91.81,0.04321549,0.04321549,0.04321549,0.0,245,17918,1937984,12918,22.45,5.319999999999979,2.2400000000000233,0.7480839720093302,0.1772742419193595,3.5836,0.0005599375
e1,E1_MK_constante,conc_e1_d04_s04,4,400,1600,20000,4.0,50.0,32000000,mulgen,conc_e1_d04_s04.par,,,MK=32 millones; varia la composicion entre M y K.,resultados E2/Conclusiones/E1_MK_constante/resultados/conc_e1_d04_s04_solver_columnas_e2.txt,optimo_exacto,1,0,25.0,1.0,120.0,19427,0.59,0.98,0.94,140.98,0.72301663,0.72301663,0.72301663,0.0,3,19456,58364,29,0.05,0.27,0.2699999999999999,0.08474576271186442,0.45762711864406785,1.0014927677973953,0.000608
e1,E1_MK_constante,conc_e1_d08_s04,4,400,3200,10000,8.0,25.0,32000000,mulgen,conc_e1_d08_s04.par,,,MK=32 millones; varia la composicion entre M y K.,resultados E2/Conclusiones/E1_MK_constante/resultados/conc_e1_d08_s04_solver_columnas_e2.txt,gap_certificado,1,0,25.0,1.0,120.0,10000,1.83,2.13,2.16,132.95,0.14410689,0.14410689,0.14268851,0.994041,35,11061,369903,1061,0.35000000000000014,1.2700000000000007,0.2099999999999993,0.19125683060109297,0.6939890710382517,1.1061,0.00034565625
e1,E1_MK_constante,conc_e1_d16_s04,4,400,6400,5000,16.0,12.5,32000000,mulgen,conc_e1_d16_s04.par,,,MK=32 millones; varia la composicion entre M y K.,resultados E2/Conclusiones/E1_MK_constante/resultados/conc_e1_d16_s04_solver_columnas_e2.txt,limite_sin_certificar,0,0,25.0,1.0,120.0,5000,120.0,120.3,121.42,106.88,,0.03786008,0.00118703,3089.468221,277,30189,2621359,25189,110.53000000000003,6.2499999999999725,3.219999999999998,0.9210833333333336,0.05208333333333311,6.0378,0.00094340625
e1,E1_MK_constante,conc_e1_d04_s05,5,400,1600,20000,4.0,50.0,32000000,mulgen,conc_e1_d04_s05.par,,,MK=32 millones; varia la composicion entre M y K.,resultados E2/Conclusiones/E1_MK_constante/resultados/conc_e1_d04_s05_solver_columnas_e2.txt,optimo_exacto,1,0,25.0,1.0,120.0,19466,0.46,0.84,0.85,141.47,0.77364066,0.77364066,0.77364066,0.0,2,19470,38940,4,0.03,0.16,0.27,0.06521739130434782,0.34782608695652173,1.0002054864892633,0.0006084375
e1,E1_MK_constante,conc_e1_d08_s05,5,400,3200,10000,8.0,25.0,32000000,mulgen,conc_e1_d08_s05.par,,,MK=32 millones; varia la composicion entre M y K.,resultados E2/Conclusiones/E1_MK_constante/resultados/conc_e1_d08_s05_solver_columnas_e2.txt,optimo_exacto,1,0,25.0,1.0,120.0,10000,3.62,3.92,3.9,122.61,0.12738483,0.12738483,0.12738483,0.0,52,15923,603520,5923,1.29,2.050000000000001,0.2799999999999989,0.356353591160221,0.5662983425414367,1.5923,0.00049759375
e1,E1_MK_constante,conc_e1_d16_s05,5,400,6400,5000,16.0,12.5,32000000,mulgen,conc_e1_d16_s05.par,,,MK=32 millones; varia la composicion entre M y K.,resultados E2/Conclusiones/E1_MK_constante/resultados/conc_e1_d16_s05_solver_columnas_e2.txt,optimo_exacto,1,0,25.0,1.0,120.0,5000,108.08,108.43,109.52,95.16,0.03858689,0.03858689,0.03858689,0.0,290,28473,2832790,23473,98.5,6.849999999999962,2.730000000000036,0.9113619541080681,0.0633789785344186,5.6946,0.00088978125
e2,E2_Transicion_grado,conc_e2_d08_s01,1,400,3200,4000,8.0,10.0,12800000,mulgen,conc_e2_d08_s01.par,,,Barrido del grado para buscar un cambio de regimen.,resultados E2/Conclusiones/E2_Transicion_grado/resultados/conc_e2_d08_s01_solver_columnas_e2.txt,optimo_exacto,1,0,25.0,1.0,120.0,3989,4.18,4.39,4.4,101.77,0.11807794,0.11807794,0.11807794,0.0,90,10132,469445,6143,1.8200000000000003,1.9100000000000013,0.4499999999999982,0.4354066985645934,0.45693779904306253,2.5399849586362495,0.0007915625
e2,E2_Transicion_grado,conc_e2_d10_s01,1,400,4000,4000,10.0,10.0,16000000,mulgen,conc_e2_d10_s01.par,,,Barrido del grado para buscar un cambio de regimen.,resultados E2/Conclusiones/E2_Transicion_grado/resultados/conc_e2_d10_s01_solver_columnas_e2.txt,optimo_exacto,1,0,25.0,1.0,120.0,4000,0.17,0.39,0.33,63.73,0.43944637,0.43944637,0.43944637,0.0,1,4000,4000,0,0.02,0.06,0.09000000000000002,0.11764705882352941,0.3529411764705882,1.0,0.00025
e2,E2_Transicion_grado,conc_e2_d12_s01,1,400,4800,4000,12.0,10.0,19200000,mulgen,conc_e2_d12_s01.par,,,Barrido del grado para buscar un cambio de regimen.,resultados E2/Conclusiones/E2_Transicion_grado/resultados/conc_e2_d12_s01_solver_columnas_e2.txt,optimo_exacto,1,0,25.0,1.0,120.0,4000,0.14,0.38,0.38,68.64,0.15149007,0.15149007,0.15149007,0.0,2,4007,8014,7,0.0,0.04,0.1,0.0,0.2857142857142857,1.00175,0.00020869791666666666
e2,E2_Transicion_grado,conc_e2_d14_s01,1,400,5600,4000,14.0,10.0,22400000,mulgen,conc_e2_d14_s01.par,,,Barrido del grado para buscar un cambio de regimen.,resultados E2/Conclusiones/E2_Transicion_grado/resultados/conc_e2_d14_s01_solver_columnas_e2.txt,optimo_exacto,1,0,25.0,1.0,120.0,4000,83.2,83.49,83.45,104.23,0.04551691,0.04551691,0.04551691,0.0,257,25479,2061332,21479,76.05999999999999,5.459999999999979,1.6800000000000361,0.9141826923076921,0.06562499999999974,6.36975,0.001137455357142857
e2,E2_Transicion_grado,conc_e2_d16_s01,1,400,6400,4000,16.0,10.0,25600000,mulgen,conc_e2_d16_s01.par,,,Barrido del grado para buscar un cambio de regimen.,resultados E2/Conclusiones/E2_Transicion_grado/resultados/conc_e2_d16_s01_solver_columnas_e2.txt,limite_sin_certificar,0,0,25.0,1.0,120.0,4000,120.0,120.27,121.23,86.0,,0.03850932,0.00059461,6376.404722,298,24661,2455797,20661,106.27000000000001,6.1999999999999655,7.530000000000024,0.8855833333333334,0.05166666666666638,6.16525,0.0009633203125
e2,E2_Transicion_grado,conc_e2_d08_s02,2,400,3200,4000,8.0,10.0,12800000,mulgen,conc_e2_d08_s02.par,,,Barrido del grado para buscar un cambio de regimen.,resultados E2/Conclusiones/E2_Transicion_grado/resultados/conc_e2_d08_s02_solver_columnas_e2.txt,optimo_exacto,1,0,25.0,1.0,120.0,4000,0.1,0.3,0.3,53.47,0.51507742,0.51507742,0.51507742,0.0,1,4000,4000,0,0.0,0.02,0.08,0.0,0.19999999999999998,1.0,0.0003125
e2,E2_Transicion_grado,conc_e2_d10_s02,2,400,4000,4000,10.0,10.0,16000000,mulgen,conc_e2_d10_s02.par,,,Barrido del grado para buscar un cambio de regimen.,resultados E2/Conclusiones/E2_Transicion_grado/resultados/conc_e2_d10_s02_solver_columnas_e2.txt,optimo_exacto,1,0,25.0,1.0,120.0,4000,5.12,5.35,5.44,104.92,0.08691589,0.08691589,0.08691589,0.0,117,10317,633684,6317,2.18,2.4000000000000017,0.5399999999999983,0.42578125,0.46875000000000033,2.57925,0.0006448125
e2,E2_Transicion_grado,conc_e2_d12_s02,2,400,4800,4000,12.0,10.0,19200000,mulgen,conc_e2_d12_s02.par,,,Barrido del grado para buscar un cambio de regimen.,resultados E2/Conclusiones/E2_Transicion_grado/resultados/conc_e2_d12_s02_solver_columnas_e2.txt,optimo_exacto,1,0,25.0,1.0,120.0,4000,16.43,16.68,16.6,104.09,0.06299065,0.06299065,0.06299065,0.0,180,14917,1126893,10917,11.68,3.7100000000000017,1.0399999999999983,0.7108947048082775,0.22580645161290333,3.72925,0.0007769270833333334
e2,E2_Transicion_grado,conc_e2_d14_s02,2,400,5600,4000,14.0,10.0,22400000,mulgen,conc_e2_d14_s02.par,,,Barrido del grado para buscar un cambio de regimen.,resultados E2/Conclusiones/E2_Transicion_grado/resultados/conc_e2_d14_s02_solver_columnas_e2.txt,optimo_exacto,1,0,25.0,1.0,120.0,4000,48.28,48.58,49.16,92.89,0.04783951,0.04783951,0.04783951,0.0,234,20028,1670392,16028,41.83,4.869999999999989,1.5800000000000143,0.8664043082021541,0.10086992543496248,5.007,0.0008941071428571429
e2,E2_Transicion_grado,conc_e2_d16_s02,2,400,6400,4000,16.0,10.0,25600000,mulgen,conc_e2_d16_s02.par,,,Barrido del grado para buscar un cambio de regimen.,resultados E2/Conclusiones/E2_Transicion_grado/resultados/conc_e2_d16_s02_solver_columnas_e2.txt,limite_sin_certificar,0,0,25.0,1.0,120.0,4000,120.0,120.27,122.25,102.5,,0.03925417,0.00103166,3704.939554,306,27153,2589347,23153,109.49,6.419999999999959,4.090000000000046,0.9124166666666667,0.05349999999999966,6.78825,0.0010606640625
e2,E2_Transicion_grado,conc_e2_d08_s03,3,400,3200,4000,8.0,10.0,12800000,mulgen,conc_e2_d08_s03.par,,,Barrido del grado para buscar un cambio de regimen.,resultados E2/Conclusiones/E2_Transicion_grado/resultados/conc_e2_d08_s03_solver_columnas_e2.txt,optimo_exacto,1,0,25.0,1.0,120.0,4000,0.22,0.42,0.42,67.73,0.21138482,0.21138482,0.21138482,0.0,6,4050,24173,50,0.0,0.12000000000000001,0.09999999999999999,0.0,0.5454545454545455,1.0125,0.00031640625
e2,E2_Transicion_grado,conc_e2_d10_s03,3,400,4000,4000,10.0,10.0,16000000,mulgen,conc_e2_d10_s03.par,,,Barrido del grado para buscar un cambio de regimen.,resultados E2/Conclusiones/E2_Transicion_grado/resultados/conc_e2_d10_s03_solver_columnas_e2.txt,optimo_exacto,1,0,25.0,1.0,120.0,4000,0.23,0.44,0.45,70.02,0.15261579,0.15261579,0.15261579,0.0,6,4035,24130,35,0.0,0.12000000000000001,0.11,0.0,0.5217391304347826,1.00875,0.0002521875
e2,E2_Transicion_grado,conc_e2_d12_s03,3,400,4800,4000,12.0,10.0,19200000,mulgen,conc_e2_d12_s03.par,,,Barrido del grado para buscar un cambio de regimen.,resultados E2/Conclusiones/E2_Transicion_grado/resultados/conc_e2_d12_s03_solver_columnas_e2.txt,optimo_exacto,1,0,25.0,1.0,120.0,4000,0.52,0.75,0.76,74.86,0.11616022,0.11616022,0.11616022,0.0,17,4129,69301,129,0.0,0.34,0.18,0.0,0.6538461538461539,1.03225,0.00021505208333333334
e2,E2_Transicion_grado,conc_e2_d14_s03,3,400,5600,4000,14.0,10.0,22400000,mulgen,conc_e2_d14_s03.par,,,Barrido del grado para buscar un cambio de regimen.,resultados E2/Conclusiones/E2_Transicion_grado/resultados/conc_e2_d14_s03_solver_columnas_e2.txt,limite_sin_certificar,0,0,25.0,1.0,120.0,4000,120.0,120.25,122.06,95.42,,0.04338757,0.00144188,2909.106011,246,26894,1950106,22894,106.38999999999999,5.42999999999998,8.180000000000033,0.8865833333333332,0.04524999999999983,6.7235,0.001200625
e2,E2_Transicion_grado,conc_e2_d16_s03,3,400,6400,4000,16.0,10.0,25600000,mulgen,conc_e2_d16_s03.par,,,Barrido del grado para buscar un cambio de regimen.,resultados E2/Conclusiones/E2_Transicion_grado/resultados/conc_e2_d16_s03_solver_columnas_e2.txt,limite_sin_certificar,0,0,25.0,1.0,120.0,4000,120.0,120.29,122.32,95.02,,0.0379538,0.00099865,3700.511335,328,26296,2733541,22296,107.55,6.939999999999951,5.510000000000052,0.89625,0.057833333333332924,6.574,0.0010271875
e2,E2_Transicion_grado,conc_e2_d08_s04,4,400,3200,4000,8.0,10.0,12800000,mulgen,conc_e2_d08_s04.par,,,Barrido del grado para buscar un cambio de regimen.,resultados E2/Conclusiones/E2_Transicion_grado/resultados/conc_e2_d08_s04_solver_columnas_e2.txt,optimo_exacto,1,0,25.0,1.0,120.0,4000,0.15,0.35,0.35,68.33,0.23456442,0.23456442,0.23456442,0.0,3,4022,12058,22,0.0,0.06,0.09,0.0,0.4,1.0055,0.00031421875
e2,E2_Transicion_grado,conc_e2_d10_s04,4,400,4000,4000,10.0,10.0,16000000,mulgen,conc_e2_d10_s04.par,,,Barrido del grado para buscar un cambio de regimen.,resultados E2/Conclusiones/E2_Transicion_grado/resultados/conc_e2_d10_s04_solver_columnas_e2.txt,optimo_exacto,1,0,25.0,1.0,120.0,4000,0.17,0.39,0.39,66.94,0.14014963,0.14014963,0.14014963,0.0,3,4014,12034,14,0.0,0.06,0.11000000000000001,0.0,0.3529411764705882,1.0035,0.000250875
e2,E2_Transicion_grado,conc_e2_d12_s04,4,400,4800,4000,12.0,10.0,19200000,mulgen,conc_e2_d12_s04.par,,,Barrido del grado para buscar un cambio de regimen.,resultados E2/Conclusiones/E2_Transicion_grado/resultados/conc_e2_d12_s04_solver_columnas_e2.txt,optimo_exacto,1,0,25.0,1.0,120.0,4000,3.74,4.01,4.05,100.94,0.07474279,0.07474279,0.07474279,0.0,116,6514,558480,2514,0.4800000000000001,2.3800000000000017,0.8799999999999986,0.12834224598930483,0.6363636363636368,1.6285,0.00033927083333333335
e2,E2_Transicion_grado,conc_e2_d14_s04,4,400,5600,4000,14.0,10.0,22400000,mulgen,conc_e2_d14_s04.par,,,Barrido del grado para buscar un cambio de regimen.,resultados E2/Conclusiones/E2_Transicion_grado/resultados/conc_e2_d14_s04_solver_columnas_e2.txt,optimo_exacto,1,0,25.0,1.0,120.0,4000,7.56,7.82,7.95,101.25,0.05955124,0.05955124,0.05955124,0.0,203,8371,1120937,4371,1.880000000000001,4.119999999999999,1.5599999999999996,0.24867724867724883,0.5449735449735449,2.09275,0.0003737053571428571
e2,E2_Transicion_grado,conc_e2_d16_s04,4,400,6400,4000,16.0,10.0,25600000,mulgen,conc_e2_d16_s04.par,,,Barrido del grado para buscar un cambio de regimen.,resultados E2/Conclusiones/E2_Transicion_grado/resultados/conc_e2_d16_s04_solver_columnas_e2.txt,limite_sin_certificar,0,0,25.0,1.0,120.0,4000,120.0,120.27,122.35,99.3,,0.03856041,0.00048156,7907.38954,330,24626,2802973,20626,108.99000000000001,6.949999999999954,4.060000000000037,0.9082500000000001,0.05791666666666628,6.1565,0.000961953125
e2,E2_Transicion_grado,conc_e2_d08_s05,5,400,3200,4000,8.0,10.0,12800000,mulgen,conc_e2_d08_s05.par,,,Barrido del grado para buscar un cambio de regimen.,resultados E2/Conclusiones/E2_Transicion_grado/resultados/conc_e2_d08_s05_solver_columnas_e2.txt,optimo_exacto,1,0,25.0,1.0,120.0,4000,0.12,0.33,0.33,53.48,0.53680079,0.53680079,0.53680079,0.0,2,4001,8002,1,0.0,0.04,0.07999999999999999,0.0,0.33333333333333337,1.00025,0.000312578125
e2,E2_Transicion_grado,conc_e2_d10_s05,5,400,4000,4000,10.0,10.0,16000000,mulgen,conc_e2_d10_s05.par,,,Barrido del grado para buscar un cambio de regimen.,resultados E2/Conclusiones/E2_Transicion_grado/resultados/conc_e2_d10_s05_solver_columnas_e2.txt,optimo_exacto,1,0,25.0,1.0,120.0,4000,0.1,0.32,0.33,52.64,0.53424658,0.53424658,0.53424658,0.0,1,4000,4000,0,0.0,0.02,0.08,0.0,0.19999999999999998,1.0,0.00025
e2,E2_Transicion_grado,conc_e2_d12_s05,5,400,4800,4000,12.0,10.0,19200000,mulgen,conc_e2_d12_s05.par,,,Barrido del grado para buscar un cambio de regimen.,resultados E2/Conclusiones/E2_Transicion_grado/resultados/conc_e2_d12_s05_solver_columnas_e2.txt,optimo_exacto,1,0,25.0,1.0,120.0,4000,2.68,2.91,2.96,101.73,0.08403361,0.08403361,0.08403361,0.0,93,5523,424941,1523,0.13999999999999999,1.8600000000000012,0.6799999999999988,0.052238805970149245,0.6940298507462691,1.38075,0.00028765625
e2,E2_Transicion_grado,conc_e2_d14_s05,5,400,5600,4000,14.0,10.0,22400000,mulgen,conc_e2_d14_s05.par,,,Barrido del grado para buscar un cambio de regimen.,resultados E2/Conclusiones/E2_Transicion_grado/resultados/conc_e2_d14_s05_solver_columnas_e2.txt,limite_sin_certificar,0,0,25.0,1.0,120.0,4000,120.0,120.25,122.35,89.86,,0.04372093,0.00225077,1842.485112,256,28368,2050057,24368,108.57000000000001,5.45999999999998,5.970000000000012,0.90475,0.04549999999999984,7.092,0.0012664285714285713
e2,E2_Transicion_grado,conc_e2_d16_s05,5,400,6400,4000,16.0,10.0,25600000,mulgen,conc_e2_d16_s05.par,,,Barrido del grado para buscar un cambio de regimen.,resultados E2/Conclusiones/E2_Transicion_grado/resultados/conc_e2_d16_s05_solver_columnas_e2.txt,limite_sin_certificar,0,0,25.0,1.0,120.0,4000,120.0,120.29,120.66,86.7,,0.03837746,0.00043208,8782.111009,305,25955,2470636,21955,98.74999999999999,6.36999999999996,14.880000000000054,0.8229166666666665,0.053083333333333,6.48875,0.0010138671875
e3,E3_Efecto_K,conc_e3_k01000_s01,1,400,3200,1000,8.0,2.5,3200000,instancia,E3_Efecto_K/conc_e3_k01000_s01.dat,0.0628937266398,44777,"Red fija, commodities prefijo y capacidad normalizada.",resultados E2/Conclusiones/E3_Efecto_K/resultados/conc_e3_k01000_s01_solver_columnas_e2.txt,optimo_exacto,1,0,25.0,1.0,120.0,1000,5.26,5.43,5.51,67.5,0.14018219,0.14018219,0.14018219,0.0,154,5642,325532,4642,2.8800000000000003,1.6200000000000012,0.7599999999999982,0.5475285171102663,0.30798479087452496,5.642,0.001763125
e3,E3_Efecto_K,conc_e3_k02000_s01,1,400,3200,2000,8.0,5.0,6400000,instancia,E3_Efecto_K/conc_e3_k02000_s01.dat,0.124255035838,88463,"Red fija, commodities prefijo y capacidad normalizada.",resultados E2/Conclusiones/E3_Efecto_K/resultados/conc_e3_k02000_s01_solver_columnas_e2.txt,optimo_exacto,1,0,25.0,1.0,120.0,2000,0.8,0.98,1.0,60.8,0.17906336,0.17906336,0.17906336,0.0,42,2275,89576,275,0.0,0.4200000000000002,0.37999999999999984,0.0,0.5250000000000002,1.1375,0.00035546875
e3,E3_Efecto_K,conc_e3_k04000_s01,1,400,3200,4000,8.0,10.0,12800000,instancia,E3_Efecto_K/conc_e3_k04000_s01.dat,0.24842579574,176866,"Red fija, commodities prefijo y capacidad normalizada.",resultados E2/Conclusiones/E3_Efecto_K/resultados/conc_e3_k04000_s01_solver_columnas_e2.txt,gap_certificado,1,0,25.0,1.0,120.0,4000,0.89,1.1,1.12,82.41,0.16442049,0.16442049,0.16389628,0.319842,34,4393,143450,393,0.0,0.6800000000000003,0.20999999999999974,0.0,0.764044943820225,1.09825,0.000343203125
e3,E3_Efecto_K,conc_e3_k08000_s01,1,400,3200,8000,8.0,20.0,25600000,instancia,E3_Efecto_K/conc_e3_k08000_s01.dat,0.499806867646,355836,"Red fija, commodities prefijo y capacidad normalizada.",resultados E2/Conclusiones/E3_Efecto_K/resultados/conc_e3_k08000_s01_solver_columnas_e2.txt,gap_certificado,1,0,25.0,1.0,120.0,8000,1.51,1.76,1.79,122.41,0.14602216,0.14602216,0.14498852,0.712906,37,9261,316853,1261,0.23,1.1200000000000008,0.15999999999999925,0.152317880794702,0.7417218543046362,1.157625,0.0003617578125
e3,E3_Efecto_K,conc_e3_k16000_s01,1,400,3200,16000,8.0,40.0,51200000,instancia,E3_Efecto_K/conc_e3_k16000_s01.dat,1,711947,"Red fija, commodities prefijo y capacidad normalizada.",resultados E2/Conclusiones/E3_Efecto_K/resultados/conc_e3_k16000_s01_solver_columnas_e2.txt,gap_certificado,1,0,25.0,1.0,120.0,16000,2.49,2.91,2.91,147.36,0.14698864,0.14698864,0.14613473,0.584332,30,17693,506054,1693,0.3600000000000001,1.810000000000001,0.31999999999999895,0.14457831325301207,0.7269076305220886,1.1058125,0.00034556640625
e3,E3_Efecto_K,conc_e3_k01000_s02,2,400,3200,1000,8.0,2.5,3200000,instancia,E3_Efecto_K/conc_e3_k01000_s02.dat,0.0638134715609,45353,"Red fija, commodities prefijo y capacidad normalizada.",resultados E2/Conclusiones/E3_Efecto_K/resultados/conc_e3_k01000_s02_solver_columnas_e2.txt,optimo_exacto,1,0,25.0,1.0,120.0,1000,0.16,0.35,0.32,54.12,0.27282728,0.27282728,0.27282728,0.0,8,1024,8109,24,0.0,0.08,0.08,0.0,0.5,1.024,0.00032
e3,E3_Efecto_K,conc_e3_k02000_s02,2,400,3200,2000,8.0,5.0,6400000,instancia,E3_Efecto_K/conc_e3_k02000_s02.dat,0.126633573093,90000,"Red fija, commodities prefijo y capacidad normalizada.",resultados E2/Conclusiones/E3_Efecto_K/resultados/conc_e3_k02000_s02_solver_columnas_e2.txt,optimo_exacto,1,0,25.0,1.0,120.0,2000,0.07,0.25,0.25,56.3,0.32087629,0.32087629,0.32087629,0.0,1,2000,2000,0,0.0,0.01,0.060000000000000005,0.0,0.14285714285714285,1.0,0.0003125
e3,E3_Efecto_K,conc_e3_k04000_s02,2,400,3200,4000,8.0,10.0,12800000,instancia,E3_Efecto_K/conc_e3_k04000_s02.dat,0.251713774356,178896,"Red fija, commodities prefijo y capacidad normalizada.",resultados E2/Conclusiones/E3_Efecto_K/resultados/conc_e3_k04000_s02_solver_columnas_e2.txt,optimo_exacto,1,0,25.0,1.0,120.0,4000,0.12,0.32,0.32,55.38,0.34802333,0.34802333,0.34802333,0.0,2,4003,8006,3,0.0,0.04,0.07999999999999999,0.0,0.33333333333333337,1.00075,0.000312734375
e3,E3_Efecto_K,conc_e3_k08000_s02,2,400,3200,8000,8.0,20.0,25600000,instancia,E3_Efecto_K/conc_e3_k08000_s02.dat,0.500306734655,355574,"Red fija, commodities prefijo y capacidad normalizada.",resultados E2/Conclusiones/E3_Efecto_K/resultados/conc_e3_k08000_s02_solver_columnas_e2.txt,optimo_exacto,1,0,25.0,1.0,120.0,8000,0.16,0.4,0.41,80.5,0.29615134,0.29615134,0.29615134,0.0,1,8000,8000,0,0.01,0.03,0.12,0.0625,0.1875,1.0,0.0003125
e3,E3_Efecto_K,conc_e3_k16000_s02,2,400,3200,16000,8.0,40.0,51200000,instancia,E3_Efecto_K/conc_e3_k16000_s02.dat,1,710712,"Red fija, commodities prefijo y capacidad normalizada.",resultados E2/Conclusiones/E3_Efecto_K/resultados/conc_e3_k16000_s02_solver_columnas_e2.txt,optimo_exacto,1,0,25.0,1.0,120.0,16000,0.28,0.62,0.62,113.06,0.3448107,0.3448107,0.3448107,0.0,1,16000,16000,0,0.01,0.06,0.21000000000000002,0.03571428571428571,0.21428571428571425,1.0,0.0003125
e3,E3_Efecto_K,conc_e3_k01000_s03,3,400,3200,1000,8.0,2.5,3200000,instancia,E3_Efecto_K/conc_e3_k01000_s03.dat,0.0626287459096,44632,"Red fija, commodities prefijo y capacidad normalizada.",resultados E2/Conclusiones/E3_Efecto_K/resultados/conc_e3_k01000_s03_solver_columnas_e2.txt,optimo_exacto,1,0,25.0,1.0,120.0,1000,0.1,0.26,0.26,52.45,0.32398317,0.32398317,0.32398317,0.0,4,1009,4028,9,0.0,0.04,0.060000000000000005,0.0,0.39999999999999997,1.009,0.0003153125
e3,E3_Efecto_K,conc_e3_k02000_s03,3,400,3200,2000,8.0,5.0,6400000,instancia,E3_Efecto_K/conc_e3_k02000_s03.dat,0.125571814258,89488,"Red fija, commodities prefijo y capacidad normalizada.",resultados E2/Conclusiones/E3_Efecto_K/resultados/conc_e3_k02000_s03_solver_columnas_e2.txt,optimo_exacto,1,0,25.0,1.0,120.0,2000,0.09,0.27,0.28,55.94,0.47737069,0.47737069,0.47737069,0.0,2,2001,4002,1,0.0,0.02,0.06999999999999999,0.0,0.22222222222222224,1.0005,0.00031265625
e3,E3_Efecto_K,conc_e3_k04000_s03,3,400,3200,4000,8.0,10.0,12800000,instancia,E3_Efecto_K/conc_e3_k04000_s03.dat,0.250042096755,178191,"Red fija, commodities prefijo y capacidad normalizada.",resultados E2/Conclusiones/E3_Efecto_K/resultados/conc_e3_k04000_s03_solver_columnas_e2.txt,optimo_exacto,1,0,25.0,1.0,120.0,4000,0.12,0.32,0.32,54.59,0.33712121,0.33712121,0.33712121,0.0,2,4002,8004,2,0.0,0.04,0.07999999999999999,0.0,0.33333333333333337,1.0005,0.00031265625
e3,E3_Efecto_K,conc_e3_k08000_s03,3,400,3200,8000,8.0,20.0,25600000,instancia,E3_Efecto_K/conc_e3_k08000_s03.dat,0.50117730592,357161,"Red fija, commodities prefijo y capacidad normalizada.",resultados E2/Conclusiones/E3_Efecto_K/resultados/conc_e3_k08000_s03_solver_columnas_e2.txt,optimo_exacto,1,0,25.0,1.0,120.0,8000,0.19,0.43,0.45,80.58,0.34665227,0.34665227,0.34665227,0.0,2,8004,16008,4,0.01,0.06,0.12,0.05263157894736842,0.3157894736842105,1.0005,0.00031265625
e3,E3_Efecto_K,conc_e3_k16000_s03,3,400,3200,16000,8.0,40.0,51200000,instancia,E3_Efecto_K/conc_e3_k16000_s03.dat,1,712644,"Red fija, commodities prefijo y capacidad normalizada.",resultados E2/Conclusiones/E3_Efecto_K/resultados/conc_e3_k16000_s03_solver_columnas_e2.txt,optimo_exacto,1,0,25.0,1.0,120.0,16000,0.34,0.68,0.7,122.02,0.32774019,0.32774019,0.32774019,0.0,2,16005,32010,5,0.02,0.1,0.22,0.058823529411764705,0.29411764705882354,1.0003125,0.00031259765625
e3,E3_Efecto_K,conc_e3_k01000_s04,4,400,3200,1000,8.0,2.5,3200000,instancia,E3_Efecto_K/conc_e3_k01000_s04.dat,0.0621740530402,44218,"Red fija, commodities prefijo y capacidad normalizada.",resultados E2/Conclusiones/E3_Efecto_K/resultados/conc_e3_k01000_s04_solver_columnas_e2.txt,optimo_exacto,1,0,25.0,1.0,120.0,1000,0.25,0.41,0.41,53.69,0.3113879,0.3113879,0.3113879,0.0,14,1046,14354,46,0.0,0.13999999999999999,0.11000000000000001,0.0,0.5599999999999999,1.046,0.000326875
e3,E3_Efecto_K,conc_e3_k02000_s04,4,400,3200,2000,8.0,5.0,6400000,instancia,E3_Efecto_K/conc_e3_k02000_s04.dat,0.124767117972,88734,"Red fija, commodities prefijo y capacidad normalizada.",resultados E2/Conclusiones/E3_Efecto_K/resultados/conc_e3_k02000_s04_solver_columnas_e2.txt,optimo_exacto,1,0,25.0,1.0,120.0,2000,0.12,0.3,0.31,51.33,0.33486239,0.33486239,0.33486239,0.0,3,2011,6029,11,0.0,0.03,0.09,0.0,0.25,1.0055,0.00031421875
e3,E3_Efecto_K,conc_e3_k04000_s04,4,400,3200,4000,8.0,10.0,12800000,instancia,E3_Efecto_K/conc_e3_k04000_s04.dat,0.248388280603,176653,"Red fija, commodities prefijo y capacidad normalizada.",resultados E2/Conclusiones/E3_Efecto_K/resultados/conc_e3_k04000_s04_solver_columnas_e2.txt,optimo_exacto,1,0,25.0,1.0,120.0,4000,0.1,0.31,0.31,53.56,0.2867681,0.2867681,0.2867681,0.0,1,4000,4000,0,0.0,0.02,0.08,0.0,0.19999999999999998,1.0,0.0003125
e3,E3_Efecto_K,conc_e3_k08000_s04,4,400,3200,8000,8.0,20.0,25600000,instancia,E3_Efecto_K/conc_e3_k08000_s04.dat,0.497883146301,354093,"Red fija, commodities prefijo y capacidad normalizada.",resultados E2/Conclusiones/E3_Efecto_K/resultados/conc_e3_k08000_s04_solver_columnas_e2.txt,optimo_exacto,1,0,25.0,1.0,120.0,8000,0.17,0.45,0.44,70.52,0.240745,0.240745,0.240745,0.0,1,8000,8000,0,0.01,0.04,0.12,0.058823529411764705,0.23529411764705882,1.0,0.0003125
e3,E3_Efecto_K,conc_e3_k16000_s04,4,400,3200,16000,8.0,40.0,51200000,instancia,E3_Efecto_K/conc_e3_k16000_s04.dat,1,711197,"Red fija, commodities prefijo y capacidad normalizada.",resultados E2/Conclusiones/E3_Efecto_K/resultados/conc_e3_k16000_s04_solver_columnas_e2.txt,optimo_exacto,1,0,25.0,1.0,120.0,16000,0.56,0.94,0.93,123.83,0.23414243,0.23414243,0.23414243,0.0,4,16042,64153,42,0.04,0.28,0.24,0.07142857142857142,0.5,1.002625,0.0003133203125
e3,E3_Efecto_K,conc_e3_k01000_s05,5,400,3200,1000,8.0,2.5,3200000,instancia,E3_Efecto_K/conc_e3_k01000_s05.dat,0.0629918272365,44827,"Red fija, commodities prefijo y capacidad normalizada.",resultados E2/Conclusiones/E3_Efecto_K/resultados/conc_e3_k01000_s05_solver_columnas_e2.txt,gap_certificado,1,0,25.0,1.0,120.0,997,1.38,1.54,1.57,55.97,0.18582677,0.18582677,0.18413174,0.920556,85,1568,105231,571,0.0,0.8500000000000005,0.5299999999999994,0.0,0.6159420289855077,1.5727181544633901,0.00049
e3,E3_Efecto_K,conc_e3_k02000_s05,5,400,3200,2000,8.0,5.0,6400000,instancia,E3_Efecto_K/conc_e3_k02000_s05.dat,0.125715257324,89463,"Red fija, commodities prefijo y capacidad normalizada.",resultados E2/Conclusiones/E3_Efecto_K/resultados/conc_e3_k02000_s05_solver_columnas_e2.txt,gap_certificado,1,0,25.0,1.0,120.0,1996,1.8,1.99,2.02,69.47,0.14299065,0.14299065,0.14253563,0.319233,87,3648,218187,1652,0.13999999999999999,0.9200000000000007,0.7399999999999994,0.07777777777777777,0.5111111111111115,1.8276553106212425,0.00057
e3,E3_Efecto_K,conc_e3_k04000_s05,5,400,3200,4000,8.0,10.0,12800000,instancia,E3_Efecto_K/conc_e3_k04000_s05.dat,0.249191998111,177333,"Red fija, commodities prefijo y capacidad normalizada.",resultados E2/Conclusiones/E3_Efecto_K/resultados/conc_e3_k04000_s05_solver_columnas_e2.txt,gap_certificado,1,0,25.0,1.0,120.0,3991,0.28,0.48,0.48,69.11,0.19599515,0.19599515,0.19492808,0.547413,8,4057,32219,66,0.0,0.16,0.12000000000000002,0.0,0.5714285714285714,1.0165372087196192,0.000316953125
e3,E3_Efecto_K,conc_e3_k08000_s05,5,400,3200,8000,8.0,20.0,25600000,instancia,E3_Efecto_K/conc_e3_k08000_s05.dat,0.501493749578,356879,"Red fija, commodities prefijo y capacidad normalizada.",resultados E2/Conclusiones/E3_Efecto_K/resultados/conc_e3_k08000_s05_solver_columnas_e2.txt,optimo_exacto,1,0,25.0,1.0,120.0,7982,0.27,0.52,0.52,88.06,0.20778488,0.20778488,0.20778488,0.0,4,8025,32026,43,0.02,0.13,0.12,0.07407407407407407,0.48148148148148145,1.0053871210223002,0.0003134765625
e3,E3_Efecto_K,conc_e3_k16000_s05,5,400,3200,16000,8.0,40.0,51200000,instancia,E3_Efecto_K/conc_e3_k16000_s05.dat,1,711632,"Red fija, commodities prefijo y capacidad normalizada.",resultados E2/Conclusiones/E3_Efecto_K/resultados/conc_e3_k16000_s05_solver_columnas_e2.txt,optimo_exacto,1,0,25.0,1.0,120.0,15967,0.34,0.68,0.69,120.41,0.22055538,0.22055538,0.22055538,0.0,2,15977,31954,10,0.02,0.1,0.22,0.058823529411764705,0.29411764705882354,1.0006262917266864,0.00031205078125
e4,E4_Semillas_criticas,conc_e4_d14_s06,6,400,5600,4000,14.0,10.0,22400000,mulgen,conc_e4_d14_s06.par,,,Extension de semillas cerca del posible grado critico d=14.,resultados E2/Conclusiones/E4_Semillas_criticas/resultados/conc_e4_d14_s06_solver_columnas_e2.txt,pendiente,,,,,,,,,,,,,,,,,,,,,,,,,
e4,E4_Semillas_criticas,conc_e4_d14_s07,7,400,5600,4000,14.0,10.0,22400000,mulgen,conc_e4_d14_s07.par,,,Extension de semillas cerca del posible grado critico d=14.,resultados E2/Conclusiones/E4_Semillas_criticas/resultados/conc_e4_d14_s07_solver_columnas_e2.txt,pendiente,,,,,,,,,,,,,,,,,,,,,,,,,
e4,E4_Semillas_criticas,conc_e4_d14_s08,8,400,5600,4000,14.0,10.0,22400000,mulgen,conc_e4_d14_s08.par,,,Extension de semillas cerca del posible grado critico d=14.,resultados E2/Conclusiones/E4_Semillas_criticas/resultados/conc_e4_d14_s08_solver_columnas_e2.txt,pendiente,,,,,,,,,,,,,,,,,,,,,,,,,
e4,E4_Semillas_criticas,conc_e4_d14_s09,9,400,5600,4000,14.0,10.0,22400000,mulgen,conc_e4_d14_s09.par,,,Extension de semillas cerca del posible grado critico d=14.,resultados E2/Conclusiones/E4_Semillas_criticas/resultados/conc_e4_d14_s09_solver_columnas_e2.txt,pendiente,,,,,,,,,,,,,,,,,,,,,,,,,
e4,E4_Semillas_criticas,conc_e4_d14_s10,10,400,5600,4000,14.0,10.0,22400000,mulgen,conc_e4_d14_s10.par,,,Extension de semillas cerca del posible grado critico d=14.,resultados E2/Conclusiones/E4_Semillas_criticas/resultados/conc_e4_d14_s10_solver_columnas_e2.txt,pendiente,,,,,,,,,,,,,,,,,,,,,,,,,
e4,E4_Semillas_criticas,conc_e4_d14_s11,11,400,5600,4000,14.0,10.0,22400000,mulgen,conc_e4_d14_s11.par,,,Extension de semillas cerca del posible grado critico d=14.,resultados E2/Conclusiones/E4_Semillas_criticas/resultados/conc_e4_d14_s11_solver_columnas_e2.txt,pendiente,,,,,,,,,,,,,,,,,,,,,,,,,
e4,E4_Semillas_criticas,conc_e4_d14_s12,12,400,5600,4000,14.0,10.0,22400000,mulgen,conc_e4_d14_s12.par,,,Extension de semillas cerca del posible grado critico d=14.,resultados E2/Conclusiones/E4_Semillas_criticas/resultados/conc_e4_d14_s12_solver_columnas_e2.txt,pendiente,,,,,,,,,,,,,,,,,,,,,,,,,
e4,E4_Semillas_criticas,conc_e4_d14_s13,13,400,5600,4000,14.0,10.0,22400000,mulgen,conc_e4_d14_s13.par,,,Extension de semillas cerca del posible grado critico d=14.,resultados E2/Conclusiones/E4_Semillas_criticas/resultados/conc_e4_d14_s13_solver_columnas_e2.txt,pendiente,,,,,,,,,,,,,,,,,,,,,,,,,
e4,E4_Semillas_criticas,conc_e4_d14_s14,14,400,5600,4000,14.0,10.0,22400000,mulgen,conc_e4_d14_s14.par,,,Extension de semillas cerca del posible grado critico d=14.,resultados E2/Conclusiones/E4_Semillas_criticas/resultados/conc_e4_d14_s14_solver_columnas_e2.txt,pendiente,,,,,,,,,,,,,,,,,,,,,,,,,
e4,E4_Semillas_criticas,conc_e4_d14_s15,15,400,5600,4000,14.0,10.0,22400000,mulgen,conc_e4_d14_s15.par,,,Extension de semillas cerca del posible grado critico d=14.,resultados E2/Conclusiones/E4_Semillas_criticas/resultados/conc_e4_d14_s15_solver_columnas_e2.txt,pendiente,,,,,,,,,,,,,,,,,,,,,,,,,
e4,E4_Semillas_criticas,conc_e4_d14_s16,16,400,5600,4000,14.0,10.0,22400000,mulgen,conc_e4_d14_s16.par,,,Extension de semillas cerca del posible grado critico d=14.,resultados E2/Conclusiones/E4_Semillas_criticas/resultados/conc_e4_d14_s16_solver_columnas_e2.txt,pendiente,,,,,,,,,,,,,,,,,,,,,,,,,
e4,E4_Semillas_criticas,conc_e4_d14_s17,17,400,5600,4000,14.0,10.0,22400000,mulgen,conc_e4_d14_s17.par,,,Extension de semillas cerca del posible grado critico d=14.,resultados E2/Conclusiones/E4_Semillas_criticas/resultados/conc_e4_d14_s17_solver_columnas_e2.txt,pendiente,,,,,,,,,,,,,,,,,,,,,,,,,
e4,E4_Semillas_criticas,conc_e4_d14_s18,18,400,5600,4000,14.0,10.0,22400000,mulgen,conc_e4_d14_s18.par,,,Extension de semillas cerca del posible grado critico d=14.,resultados E2/Conclusiones/E4_Semillas_criticas/resultados/conc_e4_d14_s18_solver_columnas_e2.txt,pendiente,,,,,,,,,,,,,,,,,,,,,,,,,
e4,E4_Semillas_criticas,conc_e4_d14_s19,19,400,5600,4000,14.0,10.0,22400000,mulgen,conc_e4_d14_s19.par,,,Extension de semillas cerca del posible grado critico d=14.,resultados E2/Conclusiones/E4_Semillas_criticas/resultados/conc_e4_d14_s19_solver_columnas_e2.txt,pendiente,,,,,,,,,,,,,,,,,,,,,,,,,
e4,E4_Semillas_criticas,conc_e4_d14_s20,20,400,5600,4000,14.0,10.0,22400000,mulgen,conc_e4_d14_s20.par,,,Extension de semillas cerca del posible grado critico d=14.,resultados E2/Conclusiones/E4_Semillas_criticas/resultados/conc_e4_d14_s20_solver_columnas_e2.txt,pendiente,,,,,,,,,,,,,,,,,,,,,,,,,
