instancia,semilla,nodos,arcos,productos,grado,productos_por_nodo,variables_potenciales_mk,parametro,archivo_instancia,primer_metodo,estado_par,certificada_m0,certificada_m1,tiempo_m0_s,tiempo_m1_s,par2_m0_s,par2_m1_s,speedup_m1_sobre_m0,log_speedup,ganador_par2,maestro_m0_s,maestro_m1_s,pricing_m0_s,pricing_m1_s,iteraciones_m0,iteraciones_m1,columnas_m0,columnas_m1,suma_columnas_m0,suma_columnas_m1
method_d04_s01,1,400,1600,4000,4,10,6400000,method_d04_s01.par,instancias/method_d04_s01.dat,1,completo,1,1,0.11,0.13,0.11,0.13,1.1818181818181819,0.16705408466316624,Method0,0.0,0.02,0.04,0.04,2,2,3771,3771,7542,7542
method_d08_s01,1,400,3200,4000,8,10,12800000,method_d08_s01.par,instancias/method_d08_s01.dat,0,completo,1,1,5.14,8.93,5.14,8.93,1.7373540856031129,0.552363315421334,Method0,2.18,6.720000000000001,2.3400000000000007,1.9300000000000013,90,90,10132,10152,469445,470235
method_d10_s01,1,400,4000,4000,10,10,16000000,method_d10_s01.par,instancias/method_d10_s01.dat,1,completo,1,1,0.11,0.11,0.11,0.11,1.0,0.0,empate,0.0,0.0,0.02,0.02,1,1,4000,4000,4000,4000
method_d12_s01,1,400,4800,4000,12,10,19200000,method_d12_s01.par,instancias/method_d12_s01.dat,0,completo,1,1,0.15,0.15,0.15,0.15,1.0,0.0,empate,0.0,0.01,0.04,0.04,2,2,4007,4007,8014,8014
method_d14_s01,1,400,5600,4000,14,10,22400000,method_d14_s01.par,instancias/method_d14_s01.dat,1,completo,1,0,80.92,120.0,80.92,240.0,2.9658922392486406,1.0871779110424467,Method0,73.92999999999999,112.11,5.409999999999979,4.919999999999985,257,234,25479,17013,2061332,1556780
method_d16_s01,1,400,6400,4000,16,10,25600000,method_d16_s01.par,instancias/method_d16_s01.dat,0,completo,0,0,120.0,120.0,240.0,240.0,1.0,0.0,empate,107.75999999999996,110.42999999999999,6.439999999999963,5.549999999999971,298,267,24661,11844,2455797,1782749
method_d04_s02,2,400,1600,4000,4,10,6400000,method_d04_s02.par,instancias/method_d04_s02.dat,0,completo,1,1,0.15,0.16,0.15,0.16,1.0666666666666667,0.06453852113757116,Method0,0.0,0.03,0.08,0.08,4,4,3875,3875,15462,15462
method_d08_s02,2,400,3200,4000,8,10,12800000,method_d08_s02.par,instancias/method_d08_s02.dat,1,completo,1,1,0.12,0.1,0.12,0.1,0.8333333333333334,-0.1823215567939546,Method1,0.0,0.0,0.02,0.02,1,1,4000,4000,4000,4000
method_d10_s02,2,400,4000,4000,10,10,16000000,method_d10_s02.par,instancias/method_d10_s02.dat,0,completo,1,1,5.18,16.24,5.18,16.24,3.135135135135135,1.1426722784621401,Method0,2.18,13.690000000000001,2.3900000000000015,2.4000000000000017,117,117,10317,10332,633684,631813
method_d12_s02,2,400,4800,4000,12,10,19200000,method_d12_s02.par,instancias/method_d12_s02.dat,1,completo,1,1,15.84,59.68,15.84,59.68,3.7676767676767677,1.3264585695092257,Method0,11.139999999999999,55.25,3.720000000000002,3.7700000000000022,180,183,14917,12581,1126893,1138349
method_d14_s02,2,400,5600,4000,14,10,22400000,method_d14_s02.par,instancias/method_d14_s02.dat,0,completo,1,0,48.86,120.0,48.86,240.0,4.911993450675399,1.591679857512397,Method0,42.47,113.50999999999998,4.91999999999999,4.709999999999993,234,228,20028,16987,1670392,1549369
method_d16_s02,2,400,6400,4000,16,10,25600000,method_d16_s02.par,instancias/method_d16_s02.dat,1,completo,0,0,120.0,120.0,240.0,240.0,1.0,0.0,empate,109.38999999999999,111.98000000000002,6.389999999999958,5.319999999999976,306,262,27153,14110,2589347,1748589
method_d04_s03,3,400,1600,4000,4,10,6400000,method_d04_s03.par,instancias/method_d04_s03.dat,1,completo,1,1,0.11,0.11,0.11,0.11,1.0,0.0,empate,0.0,0.01,0.04,0.04,2,2,3893,3893,7786,7786
method_d08_s03,3,400,3200,4000,8,10,12800000,method_d08_s03.par,instancias/method_d08_s03.dat,0,completo,1,1,0.21,0.24,0.21,0.24,1.1428571428571428,0.13353139262452257,Method0,0.0,0.05,0.12000000000000001,0.12000000000000001,6,6,4050,4050,24173,24173
method_d10_s03,3,400,4000,4000,10,10,16000000,method_d10_s03.par,instancias/method_d10_s03.dat,1,completo,1,1,0.23,0.25,0.23,0.25,1.0869565217391304,0.083381608939051,Method0,0.0,0.05,0.12000000000000001,0.12000000000000001,6,6,4035,4035,24130,24130
method_d12_s03,3,400,4800,4000,12,10,19200000,method_d12_s03.par,instancias/method_d12_s03.dat,0,completo,1,1,0.53,0.59,0.53,0.59,1.1132075471698113,0.10724553035359759,Method0,0.0,0.16,0.34,0.34,17,17,4129,4129,69301,69301
method_d14_s03,3,400,5600,4000,14,10,22400000,method_d14_s03.par,instancias/method_d14_s03.dat,1,completo,0,0,120.01,120.0,240.0,240.0,1.0,0.0,empate,103.71000000000001,108.94999999999999,5.159999999999984,4.589999999999992,246,225,26894,13266,1950106,1515105
method_d16_s03,3,400,6400,4000,16,10,25600000,method_d16_s03.par,instancias/method_d16_s03.dat,0,completo,0,0,120.0,120.0,240.0,240.0,1.0,0.0,empate,107.64000000000001,108.87,6.859999999999953,5.849999999999965,328,289,26296,13471,2733541,1941853
method_d04_s04,4,400,1600,4000,4,10,6400000,method_d04_s04.par,instancias/method_d04_s04.dat,0,completo,1,1,0.15,0.16,0.15,0.16,1.0666666666666667,0.06453852113757116,Method0,0.0,0.03,0.08,0.08,4,4,3929,3929,15697,15697
method_d08_s04,4,400,3200,4000,8,10,12800000,method_d08_s04.par,instancias/method_d08_s04.dat,1,completo,1,1,0.17,0.15,0.17,0.15,0.8823529411764705,-0.12516314295400616,Method1,0.0,0.02,0.06,0.06,3,3,4022,4022,12058,12058
method_d10_s04,4,400,4000,4000,10,10,16000000,method_d10_s04.par,instancias/method_d10_s04.dat,0,completo,1,1,0.15,0.16,0.15,0.16,1.0666666666666667,0.06453852113757116,Method0,0.0,0.02,0.06,0.06,3,3,4014,4014,12034,12034
method_d12_s04,4,400,4800,4000,12,10,19200000,method_d12_s04.par,instancias/method_d12_s04.dat,1,completo,1,1,3.53,5.98,3.53,5.98,1.6940509915014166,0.527122697017335,Method0,0.44000000000000006,3.3000000000000007,2.340000000000001,2.300000000000001,116,114,6514,6632,558480,547814
method_d14_s04,4,400,5600,4000,14,10,22400000,method_d14_s04.par,instancias/method_d14_s04.dat,0,completo,1,1,7.36,27.92,7.36,27.92,3.7934782608695654,1.333283345153387,Method0,1.8500000000000014,22.97,4.1,4.090000000000001,203,203,8371,8350,1120937,1120475
method_d16_s04,4,400,6400,4000,16,10,25600000,method_d16_s04.par,instancias/method_d16_s04.dat,1,completo,0,0,120.0,120.0,240.0,240.0,1.0,0.0,empate,108.90999999999998,111.09000000000002,6.919999999999951,5.709999999999969,331,282,27394,12261,2830367,1864543
method_d04_s05,5,400,1600,4000,4,10,6400000,method_d04_s05.par,instancias/method_d04_s05.dat,1,pendiente,,,,,,,,,,,,,,,,,,,
method_d08_s05,5,400,3200,4000,8,10,12800000,method_d08_s05.par,instancias/method_d08_s05.dat,0,pendiente,,,,,,,,,,,,,,,,,,,
method_d10_s05,5,400,4000,4000,10,10,16000000,method_d10_s05.par,instancias/method_d10_s05.dat,1,pendiente,,,,,,,,,,,,,,,,,,,
method_d12_s05,5,400,4800,4000,12,10,19200000,method_d12_s05.par,instancias/method_d12_s05.dat,0,pendiente,,,,,,,,,,,,,,,,,,,
method_d14_s05,5,400,5600,4000,14,10,22400000,method_d14_s05.par,instancias/method_d14_s05.dat,1,completo,0,0,120.0,120.0,240.0,240.0,1.0,0.0,empate,108.56000000000002,113.35999999999999,5.439999999999983,4.839999999999987,256,236,28368,17573,2050057,1531809
method_d16_s05,5,400,6400,4000,16,10,25600000,method_d16_s05.par,instancias/method_d16_s05.dat,0,pendiente,,,,,,,,,,,,,,,,,,,
