instancia,semilla,nodos,arcos,productos,grado,productos_por_nodo,variables_potenciales_mk,parametro,archivo_instancia,primer_metodo
method_d04_s01,1,400,1600,4000,4,10,6400000,method_d04_s01.par,instancias/method_d04_s01.dat,1
method_d08_s01,1,400,3200,4000,8,10,12800000,method_d08_s01.par,instancias/method_d08_s01.dat,0
method_d10_s01,1,400,4000,4000,10,10,16000000,method_d10_s01.par,instancias/method_d10_s01.dat,1
method_d12_s01,1,400,4800,4000,12,10,19200000,method_d12_s01.par,instancias/method_d12_s01.dat,0
method_d14_s01,1,400,5600,4000,14,10,22400000,method_d14_s01.par,instancias/method_d14_s01.dat,1
method_d16_s01,1,400,6400,4000,16,10,25600000,method_d16_s01.par,instancias/method_d16_s01.dat,0
method_d04_s02,2,400,1600,4000,4,10,6400000,method_d04_s02.par,instancias/method_d04_s02.dat,0
method_d08_s02,2,400,3200,4000,8,10,12800000,method_d08_s02.par,instancias/method_d08_s02.dat,1
method_d10_s02,2,400,4000,4000,10,10,16000000,method_d10_s02.par,instancias/method_d10_s02.dat,0
method_d12_s02,2,400,4800,4000,12,10,19200000,method_d12_s02.par,instancias/method_d12_s02.dat,1
method_d14_s02,2,400,5600,4000,14,10,22400000,method_d14_s02.par,instancias/method_d14_s02.dat,0
method_d16_s02,2,400,6400,4000,16,10,25600000,method_d16_s02.par,instancias/method_d16_s02.dat,1
method_d04_s03,3,400,1600,4000,4,10,6400000,method_d04_s03.par,instancias/method_d04_s03.dat,1
method_d08_s03,3,400,3200,4000,8,10,12800000,method_d08_s03.par,instancias/method_d08_s03.dat,0
method_d10_s03,3,400,4000,4000,10,10,16000000,method_d10_s03.par,instancias/method_d10_s03.dat,1
method_d12_s03,3,400,4800,4000,12,10,19200000,method_d12_s03.par,instancias/method_d12_s03.dat,0
method_d14_s03,3,400,5600,4000,14,10,22400000,method_d14_s03.par,instancias/method_d14_s03.dat,1
method_d16_s03,3,400,6400,4000,16,10,25600000,method_d16_s03.par,instancias/method_d16_s03.dat,0
method_d04_s04,4,400,1600,4000,4,10,6400000,method_d04_s04.par,instancias/method_d04_s04.dat,0
method_d08_s04,4,400,3200,4000,8,10,12800000,method_d08_s04.par,instancias/method_d08_s04.dat,1
method_d10_s04,4,400,4000,4000,10,10,16000000,method_d10_s04.par,instancias/method_d10_s04.dat,0
method_d12_s04,4,400,4800,4000,12,10,19200000,method_d12_s04.par,instancias/method_d12_s04.dat,1
method_d14_s04,4,400,5600,4000,14,10,22400000,method_d14_s04.par,instancias/method_d14_s04.dat,0
method_d16_s04,4,400,6400,4000,16,10,25600000,method_d16_s04.par,instancias/method_d16_s04.dat,1
method_d04_s05,5,400,1600,4000,4,10,6400000,method_d04_s05.par,instancias/method_d04_s05.dat,1
method_d08_s05,5,400,3200,4000,8,10,12800000,method_d08_s05.par,instancias/method_d08_s05.dat,0
method_d10_s05,5,400,4000,4000,10,10,16000000,method_d10_s05.par,instancias/method_d10_s05.dat,1
method_d12_s05,5,400,4800,4000,12,10,19200000,method_d12_s05.par,instancias/method_d12_s05.dat,0
method_d14_s05,5,400,5600,4000,14,10,22400000,method_d14_s05.par,instancias/method_d14_s05.dat,1
method_d16_s05,5,400,6400,4000,16,10,25600000,method_d16_s05.par,instancias/method_d16_s05.dat,0
