instancia,semilla,nodos,arcos,productos,grado,productos_por_nodo,variables_potenciales_mk,parametro,archivo_instancia,primer_metodo,metodo,archivo_resultado,estado_experimental,certificada,tiempo_interno_s,tiempo_par2_s,tiempo_maestro_s,tiempo_pricing_s,iteraciones,columnas_finales,suma_columnas_iteraciones,objetivo,gap_pct
method_d04_s01,1,400,1600,4000,4,10,6400000,method_d04_s01.par,instancias/method_d04_s01.dat,1,0,resultados E2/Conclusiones/Comparacion_Metodos/resultados/Method0/method_d04_s01_method0.txt,gap_certificado,1,0.11,0.11,0.0,0.04,2,3771,7542,0.87463977,0.175661
method_d04_s01,1,400,1600,4000,4,10,6400000,method_d04_s01.par,instancias/method_d04_s01.dat,1,1,resultados E2/Conclusiones/Comparacion_Metodos/resultados/Method1/method_d04_s01_method1.txt,gap_certificado,1,0.13,0.13,0.02,0.04,2,3771,7542,0.87463977,0.175661
method_d08_s01,1,400,3200,4000,8,10,12800000,method_d08_s01.par,instancias/method_d08_s01.dat,0,0,resultados E2/Conclusiones/Comparacion_Metodos/resultados/Method0/method_d08_s01_method0.txt,optimo_exacto,1,5.14,5.14,2.18,2.3400000000000007,90,10132,469445,0.11807794,0.0
method_d08_s01,1,400,3200,4000,8,10,12800000,method_d08_s01.par,instancias/method_d08_s01.dat,0,1,resultados E2/Conclusiones/Comparacion_Metodos/resultados/Method1/method_d08_s01_method1.txt,optimo_exacto,1,8.93,8.93,6.720000000000001,1.9300000000000013,90,10152,470235,0.11807794,0.0
method_d10_s01,1,400,4000,4000,10,10,16000000,method_d10_s01.par,instancias/method_d10_s01.dat,1,0,resultados E2/Conclusiones/Comparacion_Metodos/resultados/Method0/method_d10_s01_method0.txt,optimo_exacto,1,0.11,0.11,0.0,0.02,1,4000,4000,0.43944637,0.0
method_d10_s01,1,400,4000,4000,10,10,16000000,method_d10_s01.par,instancias/method_d10_s01.dat,1,1,resultados E2/Conclusiones/Comparacion_Metodos/resultados/Method1/method_d10_s01_method1.txt,optimo_exacto,1,0.11,0.11,0.0,0.02,1,4000,4000,0.43944637,0.0
method_d12_s01,1,400,4800,4000,12,10,19200000,method_d12_s01.par,instancias/method_d12_s01.dat,0,0,resultados E2/Conclusiones/Comparacion_Metodos/resultados/Method0/method_d12_s01_method0.txt,optimo_exacto,1,0.15,0.15,0.0,0.04,2,4007,8014,0.15149007,0.0
method_d12_s01,1,400,4800,4000,12,10,19200000,method_d12_s01.par,instancias/method_d12_s01.dat,0,1,resultados E2/Conclusiones/Comparacion_Metodos/resultados/Method1/method_d12_s01_method1.txt,optimo_exacto,1,0.15,0.15,0.01,0.04,2,4007,8014,0.15149007,0.0
method_d14_s01,1,400,5600,4000,14,10,22400000,method_d14_s01.par,instancias/method_d14_s01.dat,1,0,resultados E2/Conclusiones/Comparacion_Metodos/resultados/Method0/method_d14_s01_method0.txt,optimo_exacto,1,80.92,80.92,73.92999999999999,5.409999999999979,257,25479,2061332,0.04551691,0.0
method_d14_s01,1,400,5600,4000,14,10,22400000,method_d14_s01.par,instancias/method_d14_s01.dat,1,1,resultados E2/Conclusiones/Comparacion_Metodos/resultados/Method1/method_d14_s01_method1.txt,limite_sin_certificar,0,120.0,240.0,112.11,4.919999999999985,234,17013,1556780,,4901.165859
method_d16_s01,1,400,6400,4000,16,10,25600000,method_d16_s01.par,instancias/method_d16_s01.dat,0,0,resultados E2/Conclusiones/Comparacion_Metodos/resultados/Method0/method_d16_s01_method0.txt,limite_sin_certificar,0,120.0,240.0,107.75999999999996,6.439999999999963,298,24661,2455797,,6376.404722
method_d16_s01,1,400,6400,4000,16,10,25600000,method_d16_s01.par,instancias/method_d16_s01.dat,0,1,resultados E2/Conclusiones/Comparacion_Metodos/resultados/Method1/method_d16_s01_method1.txt,limite_sin_certificar,0,120.0,240.0,110.42999999999999,5.549999999999971,267,11844,1782749,,7.4921637706541e+17
method_d04_s02,2,400,1600,4000,4,10,6400000,method_d04_s02.par,instancias/method_d04_s02.dat,0,0,resultados E2/Conclusiones/Comparacion_Metodos/resultados/Method0/method_d04_s02_method0.txt,optimo_exacto,1,0.15,0.15,0.0,0.08,4,3875,15462,0.66515188,0.0
method_d04_s02,2,400,1600,4000,4,10,6400000,method_d04_s02.par,instancias/method_d04_s02.dat,0,1,resultados E2/Conclusiones/Comparacion_Metodos/resultados/Method1/method_d04_s02_method1.txt,optimo_exacto,1,0.16,0.16,0.03,0.08,4,3875,15462,0.66515188,0.0
method_d08_s02,2,400,3200,4000,8,10,12800000,method_d08_s02.par,instancias/method_d08_s02.dat,1,0,resultados E2/Conclusiones/Comparacion_Metodos/resultados/Method0/method_d08_s02_method0.txt,optimo_exacto,1,0.12,0.12,0.0,0.02,1,4000,4000,0.51507742,0.0
method_d08_s02,2,400,3200,4000,8,10,12800000,method_d08_s02.par,instancias/method_d08_s02.dat,1,1,resultados E2/Conclusiones/Comparacion_Metodos/resultados/Method1/method_d08_s02_method1.txt,optimo_exacto,1,0.1,0.1,0.0,0.02,1,4000,4000,0.51507742,0.0
method_d10_s02,2,400,4000,4000,10,10,16000000,method_d10_s02.par,instancias/method_d10_s02.dat,0,0,resultados E2/Conclusiones/Comparacion_Metodos/resultados/Method0/method_d10_s02_method0.txt,optimo_exacto,1,5.18,5.18,2.18,2.3900000000000015,117,10317,633684,0.08691589,0.0
method_d10_s02,2,400,4000,4000,10,10,16000000,method_d10_s02.par,instancias/method_d10_s02.dat,0,1,resultados E2/Conclusiones/Comparacion_Metodos/resultados/Method1/method_d10_s02_method1.txt,optimo_exacto,1,16.24,16.24,13.690000000000001,2.4000000000000017,117,10332,631813,0.08691589,0.0
method_d12_s02,2,400,4800,4000,12,10,19200000,method_d12_s02.par,instancias/method_d12_s02.dat,1,0,resultados E2/Conclusiones/Comparacion_Metodos/resultados/Method0/method_d12_s02_method0.txt,optimo_exacto,1,15.84,15.84,11.139999999999999,3.720000000000002,180,14917,1126893,0.06299065,0.0
method_d12_s02,2,400,4800,4000,12,10,19200000,method_d12_s02.par,instancias/method_d12_s02.dat,1,1,resultados E2/Conclusiones/Comparacion_Metodos/resultados/Method1/method_d12_s02_method1.txt,optimo_exacto,1,59.68,59.68,55.25,3.7700000000000022,183,12581,1138349,0.06299065,0.0
method_d14_s02,2,400,5600,4000,14,10,22400000,method_d14_s02.par,instancias/method_d14_s02.dat,0,0,resultados E2/Conclusiones/Comparacion_Metodos/resultados/Method0/method_d14_s02_method0.txt,optimo_exacto,1,48.86,48.86,42.47,4.91999999999999,234,20028,1670392,0.04783951,0.0
method_d14_s02,2,400,5600,4000,14,10,22400000,method_d14_s02.par,instancias/method_d14_s02.dat,0,1,resultados E2/Conclusiones/Comparacion_Metodos/resultados/Method1/method_d14_s02_method1.txt,limite_sin_certificar,0,120.0,240.0,113.50999999999998,4.709999999999993,228,16987,1549369,,34464.161838
method_d16_s02,2,400,6400,4000,16,10,25600000,method_d16_s02.par,instancias/method_d16_s02.dat,1,0,resultados E2/Conclusiones/Comparacion_Metodos/resultados/Method0/method_d16_s02_method0.txt,limite_sin_certificar,0,120.0,240.0,109.38999999999999,6.389999999999958,306,27153,2589347,,3704.939554
method_d16_s02,2,400,6400,4000,16,10,25600000,method_d16_s02.par,instancias/method_d16_s02.dat,1,1,resultados E2/Conclusiones/Comparacion_Metodos/resultados/Method1/method_d16_s02_method1.txt,limite_sin_certificar,0,120.0,240.0,111.98000000000002,5.319999999999976,262,14110,1748589,,3.647895914190116e+18
method_d04_s03,3,400,1600,4000,4,10,6400000,method_d04_s03.par,instancias/method_d04_s03.dat,1,0,resultados E2/Conclusiones/Comparacion_Metodos/resultados/Method0/method_d04_s03_method0.txt,optimo_exacto,1,0.11,0.11,0.0,0.04,2,3893,7786,0.65812432,0.0
method_d04_s03,3,400,1600,4000,4,10,6400000,method_d04_s03.par,instancias/method_d04_s03.dat,1,1,resultados E2/Conclusiones/Comparacion_Metodos/resultados/Method1/method_d04_s03_method1.txt,optimo_exacto,1,0.11,0.11,0.01,0.04,2,3893,7786,0.65812432,0.0
method_d08_s03,3,400,3200,4000,8,10,12800000,method_d08_s03.par,instancias/method_d08_s03.dat,0,0,resultados E2/Conclusiones/Comparacion_Metodos/resultados/Method0/method_d08_s03_method0.txt,optimo_exacto,1,0.21,0.21,0.0,0.12000000000000001,6,4050,24173,0.21138482,0.0
method_d08_s03,3,400,3200,4000,8,10,12800000,method_d08_s03.par,instancias/method_d08_s03.dat,0,1,resultados E2/Conclusiones/Comparacion_Metodos/resultados/Method1/method_d08_s03_method1.txt,optimo_exacto,1,0.24,0.24,0.05,0.12000000000000001,6,4050,24173,0.21138482,0.0
method_d10_s03,3,400,4000,4000,10,10,16000000,method_d10_s03.par,instancias/method_d10_s03.dat,1,0,resultados E2/Conclusiones/Comparacion_Metodos/resultados/Method0/method_d10_s03_method0.txt,optimo_exacto,1,0.23,0.23,0.0,0.12000000000000001,6,4035,24130,0.15261579,0.0
method_d10_s03,3,400,4000,4000,10,10,16000000,method_d10_s03.par,instancias/method_d10_s03.dat,1,1,resultados E2/Conclusiones/Comparacion_Metodos/resultados/Method1/method_d10_s03_method1.txt,optimo_exacto,1,0.25,0.25,0.05,0.12000000000000001,6,4035,24130,0.15261579,0.0
method_d12_s03,3,400,4800,4000,12,10,19200000,method_d12_s03.par,instancias/method_d12_s03.dat,0,0,resultados E2/Conclusiones/Comparacion_Metodos/resultados/Method0/method_d12_s03_method0.txt,optimo_exacto,1,0.53,0.53,0.0,0.34,17,4129,69301,0.11616022,0.0
method_d12_s03,3,400,4800,4000,12,10,19200000,method_d12_s03.par,instancias/method_d12_s03.dat,0,1,resultados E2/Conclusiones/Comparacion_Metodos/resultados/Method1/method_d12_s03_method1.txt,optimo_exacto,1,0.59,0.59,0.16,0.34,17,4129,69301,0.11616022,0.0
method_d14_s03,3,400,5600,4000,14,10,22400000,method_d14_s03.par,instancias/method_d14_s03.dat,1,0,resultados E2/Conclusiones/Comparacion_Metodos/resultados/Method0/method_d14_s03_method0.txt,limite_sin_certificar,0,120.01,240.0,103.71000000000001,5.159999999999984,246,26894,1950106,,2909.106011
method_d14_s03,3,400,5600,4000,14,10,22400000,method_d14_s03.par,instancias/method_d14_s03.dat,1,1,resultados E2/Conclusiones/Comparacion_Metodos/resultados/Method1/method_d14_s03_method1.txt,limite_sin_certificar,0,120.0,240.0,108.94999999999999,4.589999999999992,225,13266,1515105,,30357.790462
method_d16_s03,3,400,6400,4000,16,10,25600000,method_d16_s03.par,instancias/method_d16_s03.dat,0,0,resultados E2/Conclusiones/Comparacion_Metodos/resultados/Method0/method_d16_s03_method0.txt,limite_sin_certificar,0,120.0,240.0,107.64000000000001,6.859999999999953,328,26296,2733541,,3700.511335
method_d16_s03,3,400,6400,4000,16,10,25600000,method_d16_s03.par,instancias/method_d16_s03.dat,0,1,resultados E2/Conclusiones/Comparacion_Metodos/resultados/Method1/method_d16_s03_method1.txt,limite_sin_certificar,0,120.0,240.0,108.87,5.849999999999965,289,13471,1941853,,1.0
method_d04_s04,4,400,1600,4000,4,10,6400000,method_d04_s04.par,instancias/method_d04_s04.dat,0,0,resultados E2/Conclusiones/Comparacion_Metodos/resultados/Method0/method_d04_s04_method0.txt,gap_certificado,1,0.15,0.15,0.0,0.08,4,3929,15697,0.65474974,0.925513
method_d04_s04,4,400,1600,4000,4,10,6400000,method_d04_s04.par,instancias/method_d04_s04.dat,0,1,resultados E2/Conclusiones/Comparacion_Metodos/resultados/Method1/method_d04_s04_method1.txt,gap_certificado,1,0.16,0.16,0.03,0.08,4,3929,15697,0.65474974,0.925513
method_d08_s04,4,400,3200,4000,8,10,12800000,method_d08_s04.par,instancias/method_d08_s04.dat,1,0,resultados E2/Conclusiones/Comparacion_Metodos/resultados/Method0/method_d08_s04_method0.txt,optimo_exacto,1,0.17,0.17,0.0,0.06,3,4022,12058,0.23456442,0.0
method_d08_s04,4,400,3200,4000,8,10,12800000,method_d08_s04.par,instancias/method_d08_s04.dat,1,1,resultados E2/Conclusiones/Comparacion_Metodos/resultados/Method1/method_d08_s04_method1.txt,optimo_exacto,1,0.15,0.15,0.02,0.06,3,4022,12058,0.23456442,0.0
method_d10_s04,4,400,4000,4000,10,10,16000000,method_d10_s04.par,instancias/method_d10_s04.dat,0,0,resultados E2/Conclusiones/Comparacion_Metodos/resultados/Method0/method_d10_s04_method0.txt,optimo_exacto,1,0.15,0.15,0.0,0.06,3,4014,12034,0.14014963,0.0
method_d10_s04,4,400,4000,4000,10,10,16000000,method_d10_s04.par,instancias/method_d10_s04.dat,0,1,resultados E2/Conclusiones/Comparacion_Metodos/resultados/Method1/method_d10_s04_method1.txt,optimo_exacto,1,0.16,0.16,0.02,0.06,3,4014,12034,0.14014963,0.0
method_d12_s04,4,400,4800,4000,12,10,19200000,method_d12_s04.par,instancias/method_d12_s04.dat,1,0,resultados E2/Conclusiones/Comparacion_Metodos/resultados/Method0/method_d12_s04_method0.txt,optimo_exacto,1,3.53,3.53,0.44000000000000006,2.340000000000001,116,6514,558480,0.07474279,0.0
method_d12_s04,4,400,4800,4000,12,10,19200000,method_d12_s04.par,instancias/method_d12_s04.dat,1,1,resultados E2/Conclusiones/Comparacion_Metodos/resultados/Method1/method_d12_s04_method1.txt,optimo_exacto,1,5.98,5.98,3.3000000000000007,2.300000000000001,114,6632,547814,0.07474279,0.0
method_d14_s04,4,400,5600,4000,14,10,22400000,method_d14_s04.par,instancias/method_d14_s04.dat,0,0,resultados E2/Conclusiones/Comparacion_Metodos/resultados/Method0/method_d14_s04_method0.txt,optimo_exacto,1,7.36,7.36,1.8500000000000014,4.1,203,8371,1120937,0.05955124,0.0
method_d14_s04,4,400,5600,4000,14,10,22400000,method_d14_s04.par,instancias/method_d14_s04.dat,0,1,resultados E2/Conclusiones/Comparacion_Metodos/resultados/Method1/method_d14_s04_method1.txt,optimo_exacto,1,27.92,27.92,22.97,4.090000000000001,203,8350,1120475,0.05955124,0.0
method_d16_s04,4,400,6400,4000,16,10,25600000,method_d16_s04.par,instancias/method_d16_s04.dat,1,0,resultados E2/Conclusiones/Comparacion_Metodos/resultados/Method0/method_d16_s04_method0.txt,limite_sin_certificar,0,120.0,240.0,108.90999999999998,6.919999999999951,331,27394,2830367,,4677.204857
method_d16_s04,4,400,6400,4000,16,10,25600000,method_d16_s04.par,instancias/method_d16_s04.dat,1,1,resultados E2/Conclusiones/Comparacion_Metodos/resultados/Method1/method_d16_s04_method1.txt,limite_sin_certificar,0,120.0,240.0,111.09000000000002,5.709999999999969,282,12261,1864543,,4.731441387455508e+19
method_d04_s05,5,400,1600,4000,4,10,6400000,method_d04_s05.par,instancias/method_d04_s05.dat,1,0,resultados E2/Conclusiones/Comparacion_Metodos/resultados/Method0/method_d04_s05_method0.txt,pendiente,,,,,,,,,,
method_d04_s05,5,400,1600,4000,4,10,6400000,method_d04_s05.par,instancias/method_d04_s05.dat,1,1,resultados E2/Conclusiones/Comparacion_Metodos/resultados/Method1/method_d04_s05_method1.txt,pendiente,,,,,,,,,,
method_d08_s05,5,400,3200,4000,8,10,12800000,method_d08_s05.par,instancias/method_d08_s05.dat,0,0,resultados E2/Conclusiones/Comparacion_Metodos/resultados/Method0/method_d08_s05_method0.txt,pendiente,,,,,,,,,,
method_d08_s05,5,400,3200,4000,8,10,12800000,method_d08_s05.par,instancias/method_d08_s05.dat,0,1,resultados E2/Conclusiones/Comparacion_Metodos/resultados/Method1/method_d08_s05_method1.txt,pendiente,,,,,,,,,,
method_d10_s05,5,400,4000,4000,10,10,16000000,method_d10_s05.par,instancias/method_d10_s05.dat,1,0,resultados E2/Conclusiones/Comparacion_Metodos/resultados/Method0/method_d10_s05_method0.txt,pendiente,,,,,,,,,,
method_d10_s05,5,400,4000,4000,10,10,16000000,method_d10_s05.par,instancias/method_d10_s05.dat,1,1,resultados E2/Conclusiones/Comparacion_Metodos/resultados/Method1/method_d10_s05_method1.txt,pendiente,,,,,,,,,,
method_d12_s05,5,400,4800,4000,12,10,19200000,method_d12_s05.par,instancias/method_d12_s05.dat,0,0,resultados E2/Conclusiones/Comparacion_Metodos/resultados/Method0/method_d12_s05_method0.txt,pendiente,,,,,,,,,,
method_d12_s05,5,400,4800,4000,12,10,19200000,method_d12_s05.par,instancias/method_d12_s05.dat,0,1,resultados E2/Conclusiones/Comparacion_Metodos/resultados/Method1/method_d12_s05_method1.txt,pendiente,,,,,,,,,,
method_d14_s05,5,400,5600,4000,14,10,22400000,method_d14_s05.par,instancias/method_d14_s05.dat,1,0,resultados E2/Conclusiones/Comparacion_Metodos/resultados/Method0/method_d14_s05_method0.txt,limite_sin_certificar,0,120.0,240.0,108.56000000000002,5.439999999999983,256,28368,2050057,,1842.485112
method_d14_s05,5,400,5600,4000,14,10,22400000,method_d14_s05.par,instancias/method_d14_s05.dat,1,1,resultados E2/Conclusiones/Comparacion_Metodos/resultados/Method1/method_d14_s05_method1.txt,limite_sin_certificar,0,120.0,240.0,113.35999999999999,4.839999999999987,236,17573,1531809,,6517.143372
method_d16_s05,5,400,6400,4000,16,10,25600000,method_d16_s05.par,instancias/method_d16_s05.dat,0,0,resultados E2/Conclusiones/Comparacion_Metodos/resultados/Method0/method_d16_s05_method0.txt,pendiente,,,,,,,,,,
method_d16_s05,5,400,6400,4000,16,10,25600000,method_d16_s05.par,instancias/method_d16_s05.dat,0,1,resultados E2/Conclusiones/Comparacion_Metodos/resultados/Method1/method_d16_s05_method1.txt,pendiente,,,,,,,,,,
